{"cameraMode":{"drawMode":0,"name":"Shaded","section":"Shading Mode"},"sceneLighting":false,"audioPlay":false,"sceneViewState":{"showFog":true,"showMaterialUpdate":false,"showSkybox":true,"showFlares":true,"showImageEffects":true,"showParticleSystems":true},"in2DMode":false,"pivot":{"x":36.16660690307617,"y":-38.2705078125,"z":12.99669075012207},"rotation":{"x":0.3242814838886261,"y":0.5289278030395508,"z":-0.22862854599952699,"w":0.7502039074897766},"size":61.27168655395508,"orthographic":false}