{"cameraMode":{"drawMode":0,"name":"Shaded","section":"Shading Mode"},"sceneLighting":false,"audioPlay":false,"sceneViewState":{"showFog":true,"showMaterialUpdate":false,"showSkybox":true,"showFlares":true,"showImageEffects":true,"showParticleSystems":true},"in2DMode":false,"pivot":{"x":36.29999923706055,"y":-24.100000381469728,"z":19.5},"rotation":{"x":0.16977573931217194,"y":0.5794541835784912,"z":-0.1249597892165184,"w":0.7872701287269592},"size":37.126895904541019,"orthographic":true}