{"cameraMode":{"drawMode":0,"name":"Shaded","section":"Shading Mode"},"sceneLighting":false,"audioPlay":false,"sceneViewState":{"showFog":true,"showMaterialUpdate":false,"showSkybox":true,"showFlares":true,"showImageEffects":true,"showParticleSystems":true},"in2DMode":false,"pivot":{"x":52.46133041381836,"y":-15.213258743286133,"z":-9.889704704284668},"rotation":{"x":0.10362230241298676,"y":0.7124638557434082,"z":-0.10767590999603272,"w":0.6856118440628052},"size":84.39372253417969,"orthographic":false}