{"cameraMode":{"drawMode":0,"name":"Shaded","section":"Shading Mode"},"sceneLighting":false,"audioPlay":false,"sceneViewState":{"showFog":true,"showMaterialUpdate":false,"showSkybox":true,"showFlares":true,"showImageEffects":true,"showParticleSystems":true},"in2DMode":false,"pivot":{"x":6.656598091125488,"y":6.193545341491699,"z":-3.4201042652130129},"rotation":{"x":-0.10719883441925049,"y":0.8349869251251221,"z":-0.1753539741039276,"w":-0.5104472041130066},"size":4.851494312286377,"orthographic":false}