{"cameraMode":{"drawMode":0,"name":"Shaded","section":"Shading Mode"},"sceneLighting":false,"audioPlay":false,"sceneViewState":{"showFog":true,"showMaterialUpdate":false,"showSkybox":true,"showFlares":true,"showImageEffects":true,"showParticleSystems":true},"in2DMode":false,"pivot":{"x":-40.34086990356445,"y":-24.100000381469728,"z":-1.0427541732788087},"rotation":{"x":0.21266518533229829,"y":0.6535653471946716,"z":-0.1989506036043167,"w":0.6986019015312195},"size":37.80747604370117,"orthographic":false}