{"cameraMode":{"drawMode":0,"name":"Shaded","section":"Shading Mode"},"sceneLighting":false,"audioPlay":false,"sceneViewState":{"showFog":true,"showMaterialUpdate":false,"showSkybox":true,"showFlares":true,"showImageEffects":true,"showParticleSystems":true},"in2DMode":false,"pivot":{"x":40.34086990356445,"y":-24.100000381469728,"z":1.0427541732788087},"rotation":{"x":0.21776476502418519,"y":0.6260746121406555,"z":-0.18812313675880433,"w":0.7247198224067688},"size":22.0,"orthographic":true}