{"cameraMode":{"drawMode":0,"name":"Shaded","section":"Shading Mode"},"sceneLighting":false,"audioPlay":false,"sceneViewState":{"showFog":true,"showMaterialUpdate":false,"showSkybox":true,"showFlares":true,"showImageEffects":true,"showParticleSystems":true},"in2DMode":false,"pivot":{"x":22.689453125,"y":-10.87130355834961,"z":3.1555845737457277},"rotation":{"x":0.0622650682926178,"y":0.7288357615470886,"z":-0.06687261909246445,"w":0.6785643696784973},"size":167.6309356689453,"orthographic":false}