{"cameraMode":{"drawMode":0,"name":"Shaded","section":"Shading Mode"},"sceneLighting":false,"audioPlay":false,"sceneViewState":{"showFog":true,"showMaterialUpdate":false,"showSkybox":true,"showFlares":true,"showImageEffects":true,"showParticleSystems":true},"in2DMode":false,"pivot":{"x":-2.9109909534454347,"y":-9.243438720703125,"z":13.634549140930176},"rotation":{"x":0.12537281215190888,"y":-0.5380576848983765,"z":0.08132214099168778,"w":0.8295555114746094},"size":37.127132415771487,"orthographic":false}