{"cameraMode":{"drawMode":0,"name":"Shaded","section":"Shading Mode"},"sceneLighting":false,"audioPlay":false,"sceneViewState":{"showFog":true,"showMaterialUpdate":false,"showSkybox":true,"showFlares":true,"showImageEffects":true,"showParticleSystems":true},"in2DMode":false,"pivot":{"x":0.5447555184364319,"y":-0.0000034405968563078206,"z":0.8080400228500366},"rotation":{"x":-0.13258399069309236,"y":-0.5097118020057678,"z":0.0798526182770729,"w":-0.8463090062141419},"size":1.8401399850845338,"orthographic":true}