{"cameraMode":{"drawMode":0,"name":"Shaded","section":"Shading Mode"},"sceneLighting":false,"audioPlay":false,"sceneViewState":{"showFog":true,"showMaterialUpdate":false,"showSkybox":true,"showFlares":true,"showImageEffects":true,"showParticleSystems":true},"in2DMode":false,"pivot":{"x":0.2349996566772461,"y":6.6295928955078129,"z":16.59000015258789},"rotation":{"x":0.04297420755028725,"y":0.6313916444778442,"z":-0.035074882209300998,"w":0.7734775543212891},"size":38.35605239868164,"orthographic":false}