{"cameraMode":{"drawMode":0,"name":"Shaded","section":"Shading Mode"},"sceneLighting":false,"audioPlay":false,"sceneViewState":{"showFog":true,"showMaterialUpdate":false,"showSkybox":true,"showFlares":true,"showImageEffects":true,"showParticleSystems":true},"in2DMode":false,"pivot":{"x":0.5447555184364319,"y":-0.0000034405968563078206,"z":0.8080400228500366},"rotation":{"x":0.14188964664936067,"y":-0.6970873475074768,"z":0.14377379417419434,"w":0.6879431009292603},"size":1.8376884460449219,"orthographic":true}