{"cameraMode":{"drawMode":0,"name":"Shaded","section":"Shading Mode"},"sceneLighting":true,"audioPlay":false,"sceneViewState":{"showFog":true,"showMaterialUpdate":false,"showSkybox":true,"showFlares":true,"showImageEffects":true,"showParticleSystems":true},"in2DMode":false,"pivot":{"x":-29.33511734008789,"y":-1.278704285621643,"z":-119.8086166381836},"rotation":{"x":0.21266518533229829,"y":0.6535653471946716,"z":-0.1989506036043167,"w":0.6986019015312195},"size":2.2502763271331789,"orthographic":false}